
<ereceteBilgisi>
        <doktorTcKimlikNo>54337265274</doktorTcKimlikNo>
        <doktorBransKodu>4800</doktorBransKodu>
        <doktorSertifikaKodu>109</doktorSertifikaKodu>
        <ereceteNo></ereceteNo>
        <protokolNo>1</protokolNo>
        <provizyonTipi>1</provizyonTipi>
        <receteAltTuru>1</receteAltTuru>
        <receteTarihi>04.12.2017</receteTarihi>
        <receteTuru>1</receteTuru>
        <seriNo>ISGYOLHARITASIWEBAPP</seriNo>
        <takipNo>0</takipNo>
        <tcKimlikNo>16814535812</tcKimlikNo>
        <tesisKodu>11429903</tesisKodu>
        <ereceteIlacBilgisi>
            <adet>1</adet>
            <barkod>8699570090119</barkod>
            <kullanimDoz1>1</kullanimDoz1>
            <kullanimDoz2>1.00</kullanimDoz2>
            <kullanimPeriyot>1</kullanimPeriyot>
            <kullanimPeriyotBirimi>3</kullanimPeriyotBirimi>
            <kullanimSekli>1</kullanimSekli>
        </ereceteIlacBilgisi>
        <ereceteIlacBilgisi>
            <adet>1</adet>
            <barkod>8699828010418</barkod>
            <kullanimDoz1>3</kullanimDoz1>
            <kullanimDoz2>1.00</kullanimDoz2>
            <kullanimPeriyot>1</kullanimPeriyot>
            <kullanimPeriyotBirimi>3</kullanimPeriyotBirimi>
            <kullanimSekli>1</kullanimSekli>
        </ereceteIlacBilgisi>
        <ereceteIlacBilgisi>
            <adet>1</adet>
            <barkod>8699717010109</barkod>
            <kullanimDoz1>2</kullanimDoz1>
            <kullanimDoz2>1.00</kullanimDoz2>
            <kullanimPeriyot>1</kullanimPeriyot>
            <kullanimPeriyotBirimi>3</kullanimPeriyotBirimi>
            <kullanimSekli>1</kullanimSekli>
        </ereceteIlacBilgisi>
        <ereceteTaniBilgisi>
            <taniKodu>Q95.2</taniKodu>
        </ereceteTaniBilgisi>
</ereceteBilgisi>