<?xml version="1.0" encoding="UTF-8" standalone="yes"?><ereceteBilgisi>
	<doktorBransKodu>9999</doktorBransKodu>
	<doktorTcKimlikNo>9999999990</doktorTcKimlikNo>
	<doktorSertifikaKodu>0</doktorSertifikaKodu>
	<ereceteIlacBilgisi>
		<adet>1</adet>
		<barkod>8699514091509</barkod>
		<ereceteIlacAciklamaBilgisi>
			<aciklama>deneme</aciklama>
			<aciklamaTuru>1</aciklamaTuru>
		</ereceteIlacAciklamaBilgisi>
		<kullanimDoz1>1</kullanimDoz1>
		<kullanimDoz2>2.0</kullanimDoz2>
		<kullanimPeriyot>1</kullanimPeriyot>
		<kullanimPeriyotBirimi>3</kullanimPeriyotBirimi>
		<kullanimSekli>1</kullanimSekli>
	</ereceteIlacBilgisi>
	<ereceteIlacBilgisi>
		<adet>1</adet>
		<barkod>8699546011209</barkod>
		<ereceteIlacAciklamaBilgisi>
			<aciklama>deneme</aciklama>
			<aciklamaTuru>1</aciklamaTuru>
		</ereceteIlacAciklamaBilgisi>
		<kullanimDoz1>1</kullanimDoz1>
		<kullanimDoz2>2.0</kullanimDoz2>
		<kullanimPeriyot>1</kullanimPeriyot>
		<kullanimPeriyotBirimi>3</kullanimPeriyotBirimi>
		<kullanimSekli>1</kullanimSekli>
	</ereceteIlacBilgisi>
	<ereceteNo>0</ereceteNo>
	<ereceteTaniBilgisi>
		<taniKodu>A01</taniKodu>
	</ereceteTaniBilgisi>
	<ereceteAciklamaBilgisi>
       <aciklama>recete aciklama test</aciklama>
       <aciklamaTuru>1</aciklamaTuru>       
   </ereceteAciklamaBilgisi>
	<protokolNo>fff</protokolNo>
	<provizyonTipi>1</provizyonTipi>
	<receteAltTuru>1</receteAltTuru>
	<receteTarihi>04.12.2012</receteTarihi>
	<receteTuru>1</receteTuru>
	<seriNo>1</seriNo>
	<takipNo>0</takipNo>
	<tcKimlikNo>99999999990</tcKimlikNo>
	<tesisKodu>11068891</tesisKodu>
</ereceteBilgisi>